week_number,month,year,revenue,profit,transactions,returns
1,1,1998,18200.0,10909.08,4608,46
2,1,1998,19100.0,11448.54,4835,48
3,1,1998,21000.0,12587.4,5316,53
4,1,1998,20400.0,12227.76,5165,52
5,2,1998,24100.0,14445.54,6101,61
6,2,1998,26300.0,15764.22,6658,67
7,2,1998,25000.0,14985.0,6329,63
8,2,1998,23400.0,14025.96,5924,59
9,3,1998,22800.0,13666.32,5772,58
10,3,1998,28100.0,16843.14,7114,71
11,3,1998,27500.0,16483.5,6962,70
12,3,1998,26200.0,15704.28,6633,66
13,4,1998,25100.0,15044.94,6354,64
14,4,1998,24800.0,14865.12,6278,63
15,4,1998,27300.0,16363.62,6911,69
16,4,1998,29100.0,17442.54,7367,74
17,5,1998,30200.0,18101.88,7646,76
18,5,1998,28400.0,17022.96,7190,72
19,5,1998,27100.0,16243.74,6861,69
20,5,1998,26500.0,15884.1,6709,67
21,6,1998,28300.0,16963.02,7165,72
22,6,1998,31200.0,18701.28,7899,79
23,6,1998,32100.0,19240.74,8127,81
24,6,1998,29500.0,17682.3,7468,75
25,7,1998,28400.0,17022.96,7190,72
26,7,1998,27200.0,16303.68,6886,69
27,7,1998,29300.0,17562.42,7418,74
28,7,1998,31100.0,18641.34,7873,79
29,8,1998,30400.0,18221.76,7696,77
30,8,1998,28200.0,16903.08,7139,71
31,8,1998,27500.0,16483.5,6962,70
32,8,1998,29100.0,17442.54,7367,74
33,9,1998,30500.0,18281.7,7722,77
34,9,1998,32400.0,19420.56,8203,82
35,9,1998,31200.0,18701.28,7899,79
36,9,1998,29000.0,17382.6,7342,73
37,10,1998,28100.0,16843.14,7114,71
38,10,1998,29600.0,17742.24,7494,75
39,10,1998,32300.0,19360.62,8177,82
40,10,1998,34100.0,20439.54,8633,86
41,11,1998,33200.0,19900.08,8405,84
42,11,1998,31500.0,18881.1,7975,80
43,11,1998,32800.0,19660.32,8304,83
44,11,1998,35200.0,21098.88,8911,89
45,12,1998,36400.0,21818.16,9215,92
46,12,1998,34800.0,20859.12,8810,88
47,12,1998,37100.0,22237.74,9392,94
48,12,1998,39500.0,23676.3,10000,100
49,12,1998,42300.0,25354.62,10709,107
50,12,1998,45100.0,27032.94,11418,114
51,12,1998,48600.0,29130.84,12304,123
52,12,1998,52400.0,31408.56,13266,133
